{"last_latitude": 41.79099099099099, "last_longitude": 28.194594594594598}